{
  "AnchorList": [],
  "AreaAnchorName": "LevelArea_P20422_F20422001_G87",
  "AudienceList": [],
  "BattleAreaList": [],
  "ConflictIDList": [],
  "ConflictWhiteList": [],
  "CrowdList": [],
  "CurveList": [],
  "DistrictList": [
    {
      "DistrictType": "Level",
      "ID": 1,
      "LevelGraph": "Config/Level/Maze/MazeShelter/InitLevelGraph_MazeShelter_V2.json",
      "LoadOnInitial": true,
      "NPCCrowdRadius": 25,
      "Name": "District1",
      "PosX": 50.6928,
      "PosY": -35.37,
      "PosZ": 329.3,
      "Scale": {
        "magnitude": 1.73205078,
        "normalized": {
          "magnitude": 0.99999994,
          "normalized": {
            "magnitude": 1.00000012,
            "sqrMagnitude": 1.00000024,
            "x": 0.5773503,
            "y": 0.5773503,
            "z": 0.5773503
          },
          "sqrMagnitude": 0.99999994,
          "x": 0.577350259,
          "y": 0.577350259,
          "z": 0.577350259
        },
        "sqrMagnitude": 3,
        "x": 1,
        "y": 1,
        "z": 1
      },
      "Trigger": {
        "DimX": 110,
        "DimY": 30,
        "DimZ": 80,
        "PointList": [
          {
            "magnitude": 38.9887657,
            "normalized": {
              "magnitude": 1,
              "sqrMagnitude": 1,
              "x": 0.6725263,
              "y": -0.7400732
            },
            "sqrMagnitude": 1520.12378,
            "x": 26.22097,
            "y": -28.85454
          },
          {
            "magnitude": 42.7272339,
            "normalized": {
              "magnitude": 1,
              "sqrMagnitude": 1,
              "x": -0.7310942,
              "y": -0.682276547
            },
            "sqrMagnitude": 1825.61646,
            "x": -31.23763,
            "y": -29.15179
          },
          {
            "magnitude": 49.55658,
            "normalized": {
              "magnitude": 1,
              "sqrMagnitude": 1.00000012,
              "x": -0.7697477,
              "y": 0.638348341
            },
            "sqrMagnitude": 2455.85449,
            "x": -38.14606,
            "y": 31.63436
          },
          {
            "magnitude": 38.1290855,
            "normalized": {
              "magnitude": 1,
              "sqrMagnitude": 1,
              "x": 0.631556749,
              "y": 0.775329649
            },
            "sqrMagnitude": 1453.82715,
            "x": 24.08068,
            "y": 29.56261
          }
        ],
        "Radius": 1,
        "Shape": "Polygon"
      },
      "ValueSource": {}
    },
    {
      "DistrictType": "Level",
      "ID": 2,
      "LevelGraph": "Config/Level/Maze/MazeShelter/InitLevelGraph_MazeShelter_V2.json",
      "LoadOnInitial": true,
      "NPCCrowdRadius": 25,
      "Name": "District2",
      "PosX": -37.27,
      "PosY": 5.31,
      "PosZ": 126.8,
      "RotY": 263.3049,
      "Scale": {
        "magnitude": 1.73205078,
        "normalized": {
          "magnitude": 0.99999994,
          "normalized": {
            "magnitude": 1.00000012,
            "sqrMagnitude": 1.00000024,
            "x": 0.5773503,
            "y": 0.5773503,
            "z": 0.5773503
          },
          "sqrMagnitude": 0.99999994,
          "x": 0.577350259,
          "y": 0.577350259,
          "z": 0.577350259
        },
        "sqrMagnitude": 3,
        "x": 1,
        "y": 1,
        "z": 1
      },
      "Trigger": {
        "DimX": 1,
        "DimY": 15,
        "DimZ": 1,
        "PointList": [
          {
            "magnitude": 87.00059,
            "normalized": {
              "magnitude": 1,
              "sqrMagnitude": 1.00000012,
              "x": -0.662875533,
              "y": 0.7487297
            },
            "sqrMagnitude": 7569.10254,
            "x": -57.67056,
            "y": 65.13992
          },
          {
            "magnitude": 74.96948,
            "normalized": {
              "magnitude": 0.99999994,
              "normalized": {
                "magnitude": 1,
                "sqrMagnitude": 1,
                "x": -0.477062434,
                "y": 0.8788694
              },
              "sqrMagnitude": 0.9999999,
              "x": -0.4770624,
              "y": 0.878869355
            },
            "sqrMagnitude": 5620.423,
            "x": -35.76512,
            "y": 65.88838
          },
          {
            "magnitude": 39.5458221,
            "normalized": {
              "magnitude": 1,
              "sqrMagnitude": 1.00000012,
              "x": -0.958423436,
              "y": 0.28535
            },
            "sqrMagnitude": 1563.87207,
            "x": -37.90164,
            "y": 11.2844
          },
          {
            "magnitude": 31.2200089,
            "normalized": {
              "magnitude": 1,
              "sqrMagnitude": 1,
              "x": -0.9073242,
              "y": 0.420431674
            },
            "sqrMagnitude": 974.688965,
            "x": -28.32667,
            "y": 13.12588
          },
          {
            "magnitude": 15.9101648,
            "normalized": {
              "magnitude": 1,
              "sqrMagnitude": 1.00000012,
              "x": -0.7363934,
              "y": 0.676553667
            },
            "sqrMagnitude": 253.133347,
            "x": -11.71614,
            "y": 10.76408
          },
          {
            "magnitude": 81.89701,
            "normalized": {
              "magnitude": 1,
              "sqrMagnitude": 1,
              "x": 0.9960518,
              "y": -0.08877405
            },
            "sqrMagnitude": 6707.12,
            "x": 81.57366,
            "y": -7.270329
          },
          {
            "magnitude": 86.47259,
            "normalized": {
              "magnitude": 1,
              "sqrMagnitude": 1,
              "x": 0.98292017,
              "y": 0.184032544
            },
            "sqrMagnitude": 7477.509,
            "x": 84.99565,
            "y": 15.91377
          },
          {
            "magnitude": 118.057007,
            "normalized": {
              "magnitude": 0.99999994,
              "normalized": {
                "magnitude": 1,
                "sqrMagnitude": 1.00000012,
                "x": 0.9930889,
                "y": 0.117365
              },
              "sqrMagnitude": 0.99999994,
              "x": 0.993088841,
              "y": 0.117364995
            },
            "sqrMagnitude": 13937.457,
            "x": 117.2411,
            "y": 13.85576
          },
          {
            "magnitude": 128.346771,
            "normalized": {
              "magnitude": 1,
              "sqrMagnitude": 1.00000012,
              "x": 0.81000483,
              "y": -0.5864233
            },
            "sqrMagnitude": 16472.8945,
            "x": 103.9615,
            "y": -75.26553
          },
          {
            "magnitude": 105.026215,
            "normalized": {
              "magnitude": 1,
              "sqrMagnitude": 1,
              "x": 0.7424443,
              "y": -0.669907868
            },
            "sqrMagnitude": 11030.5059,
            "x": 77.97611,
            "y": -70.35789
          },
          {
            "magnitude": 94.3234253,
            "normalized": {
              "magnitude": 1,
              "sqrMagnitude": 1.00000012,
              "x": 0.8477434,
              "y": -0.530406654
            },
            "sqrMagnitude": 8896.908,
            "x": 79.96206,
            "y": -50.02977
          },
          {
            "magnitude": 48.9562035,
            "normalized": {
              "magnitude": 1,
              "sqrMagnitude": 1,
              "x": -0.9199065,
              "y": -0.392137855
            },
            "sqrMagnitude": 2396.71,
            "x": -45.03513,
            "y": -19.19758
          },
          {
            "magnitude": 57.12769,
            "normalized": {
              "magnitude": 1,
              "sqrMagnitude": 1,
              "x": -0.8143006,