{
  "AnchorList": [],
  "AreaAnchorName": "LevelArea_P41401_F41401020_G26",
  "AudienceList": [],
  "BattleAreaList": [],
  "ConflictIDList": [],
  "ConflictWhiteList": [],
  "CrowdList": [],
  "CurveList": [],
  "DistrictList": [
    {
      "BGMEmotion": "State_BGM_D1",
      "CanTriggerByFakeAvatar": true,
      "ID": 1,
      "LoadOnInitial": true,
      "NPCCrowdRadius": 25,
      "Name": "District1",
      "PosX": -24.73,
      "PosY": -25.28,
      "PosZ": 436.59,
      "Scale": {
        "magnitude": 1.73205078,
        "normalized": {
          "magnitude": 0.99999994,
          "normalized": {
            "magnitude": 1.00000012,
            "sqrMagnitude": 1.00000024,
            "x": 0.5773503,
            "y": 0.5773503,
            "z": 0.5773503
          },
          "sqrMagnitude": 0.99999994,
          "x": 0.577350259,
          "y": 0.577350259,
          "z": 0.577350259
        },
        "sqrMagnitude": 3,
        "x": 1,
        "y": 1,
        "z": 1
      },
      "SoundUsage": "BGMEmotion",
      "Trigger": {
        "DimX": 1,
        "DimY": 50,
        "DimZ": 1,
        "PointList": [
          {
            "magnitude": 46.9345055,
            "normalized": {
              "magnitude": 0.99999994,
              "normalized": {
                "magnitude": 1,
                "sqrMagnitude": 1.00000012,
                "x": -0.15299654,
                "y": -0.9882268
              },
              "sqrMagnitude": 0.99999994,
              "x": -0.152996525,
              "y": -0.9882267
            },
            "sqrMagnitude": 2202.84766,
            "x": -7.180816,
            "y": -46.38193
          },
          {
            "magnitude": 12.4083509,
            "normalized": {
              "magnitude": 0.99999994,
              "normalized": {
                "magnitude": 1,
                "sqrMagnitude": 1,
                "x": -0.6878646,
                "y": 0.7258391
              },
              "sqrMagnitude": 0.9999999,
              "x": -0.687864542,
              "y": 0.725839
            },
            "sqrMagnitude": 153.967163,
            "x": -8.535265,
            "y": 9.006465
          },
          {
            "magnitude": 12.638,
            "normalized": {
              "magnitude": 1,
              "sqrMagnitude": 1,
              "x": 0.732671,
              "y": 0.680582941
            },
            "sqrMagnitude": 159.719025,
            "x": 9.259496,
            "y": 8.601207
          },
          {
            "magnitude": 46.9710732,
            "normalized": {
              "magnitude": 1,
              "sqrMagnitude": 1,
              "x": 0.16072154,
              "y": -0.9869998
            },
            "sqrMagnitude": 2206.28174,
            "x": 7.549263,
            "y": -46.36044
          },
          {
            "magnitude": 55.3626862,
            "normalized": {
              "magnitude": 1,
              "sqrMagnitude": 1,
              "x": 0.486137,
              "y": -0.873882651
            },
            "sqrMagnitude": 3065.02686,
            "x": 26.91385,
            "y": -48.38049
          },
          {
            "magnitude": 69.3856049,
            "normalized": {
              "magnitude": 0.99999994,
              "normalized": {
                "magnitude": 1,
                "sqrMagnitude": 1.00000012,
                "x": 0.390476555,
                "y": -0.920612931
              },
              "sqrMagnitude": 0.99999994,
              "x": 0.390476525,
              "y": -0.9206129
            },
            "sqrMagnitude": 4814.3623,
            "x": 27.09345,
            "y": -63.87728
          },
          {
            "magnitude": 62.6001434,
            "normalized": {
              "magnitude": 1,
              "sqrMagnitude": 1,
              "x": 0.106516086,
              "y": -0.994311
            },
            "sqrMagnitude": 3918.778,
            "x": 6.667922,
            "y": -62.24401
          },
          {
            "magnitude": 62.79785,
            "normalized": {
              "magnitude": 1,
              "sqrMagnitude": 1,
              "x": -0.119547151,
              "y": -0.992828548
            },
            "sqrMagnitude": 3943.57031,
            "x": -7.507304,
            "y": -62.3475
          },
          {
            "magnitude": 68.72417,
            "normalized": {
              "magnitude": 0.99999994,
              "normalized": {
                "magnitude": 1,
                "sqrMagnitude": 1.00000012,
                "x": -0.3907972,
                "y": -0.920476854
              },
              "sqrMagnitude": 0.99999994,
              "x": -0.390797168,
              "y": -0.9204768
            },
            "sqrMagnitude": 4723.01074,
            "x": -26.85721,
            "y": -63.259
          },
          {
            "magnitude": 54.2007141,
            "normalized": {
              "magnitude": 0.99999994,
              "normalized": {
                "magnitude": 1,
                "sqrMagnitude": 1.00000012,
                "x": -0.4911358,
                "y": -0.8710831
              },
              "sqrMagnitude": 0.99999994,
              "x": -0.491135776,
              "y": -0.871083
            },
            "sqrMagnitude": 2937.71729,
            "x": -26.61991,
            "y": -47.21332
          }
        ],
        "Radius": 1,
        "Shape": "Polygon"
      },
      "ValueSource": {}
    }
  ],
  "GroupName": "BGM",
  "HoYoGroupType": "Container",
  "HoyoGroupLowestLoadPlatformQuality": "VeryLow",
  "IsHoyoGroup": true,
  "LittleGameList": [],
  "LoadOnInitial": true,
  "MonsterList": [],
  "NPCList": [],
  "PathwayList": [],
  "PedestrianList": [],
  "PedestrianV2List": [],
  "PropList": [],
  "SaveType": "Reset",
  "SavedValueCondition": {
    "Conditions": [],
    "Operation": "And"
  },
  "SmartObjectList": [],
  "StreamingTemplateType": "Standard",
  "ValueSource": {},
  "WaypointList": []
}