{
  "AnchorList": [],
  "AreaAnchorName": "LevelArea_P20421_F20421001_G276",
  "AudienceList": [],
  "BattleAreaList": [],
  "ConflictIDList": [],
  "ConflictWhiteList": [],
  "CrowdList": [],
  "CurveList": [],
  "DistrictList": [
    {
      "BGMEmotion": "State_BGM_D1",
      "CanTriggerByFakeAvatar": true,
      "ID": 500001,
      "LoadOnInitial": true,
      "NPCCrowdRadius": 25,
      "Name": "District1",
      "PosX": 15.41,
      "PosY": 389.01,
      "PosZ": 322.49,
      "Scale": {
        "magnitude": 1.73205078,
        "normalized": {
          "magnitude": 0.99999994,
          "normalized": {
            "magnitude": 1.00000012,
            "sqrMagnitude": 1.00000024,
            "x": 0.5773503,
            "y": 0.5773503,
            "z": 0.5773503
          },
          "sqrMagnitude": 0.99999994,
          "x": 0.577350259,
          "y": 0.577350259,
          "z": 0.577350259
        },
        "sqrMagnitude": 3,
        "x": 1,
        "y": 1,
        "z": 1
      },
      "SoundUsage": "BGMEmotion",
      "Trigger": {
        "DimX": 1,
        "DimY": 30,
        "DimZ": 1,
        "PointList": [
          {
            "magnitude": 54.3925667,
            "normalized": {
              "magnitude": 1,
              "sqrMagnitude": 1,
              "x": -0.6592982,
              "y": -0.7518816
            },
            "sqrMagnitude": 2958.55127,
            "x": -35.86092,
            "y": -40.89677
          },
          {
            "magnitude": 57.6054077,
            "normalized": {
              "magnitude": 0.99999994,
              "normalized": {
                "magnitude": 1,
                "sqrMagnitude": 1.00000012,
                "x": -0.9734574,
                "y": -0.228868455
              },
              "sqrMagnitude": 0.99999994,
              "x": -0.973457336,
              "y": -0.22886844
            },
            "sqrMagnitude": 3318.38281,
            "x": -56.07641,
            "y": -13.18406
          },
          {
            "magnitude": 50.6752434,
            "normalized": {
              "magnitude": 1,
              "sqrMagnitude": 1,
              "x": -0.851465464,
              "y": 0.5244107
            },
            "sqrMagnitude": 2567.98047,
            "x": -43.14822,
            "y": 26.57464
          },
          {
            "magnitude": 47.5950546,
            "normalized": {
              "magnitude": 0.99999994,
              "normalized": {
                "magnitude": 1,
                "sqrMagnitude": 1,
                "x": -0.267162859,
                "y": 0.9636514
              },
              "sqrMagnitude": 0.9999999,
              "x": -0.26716283,
              "y": 0.963651359
            },
            "sqrMagnitude": 2265.289,
            "x": -12.71563,
            "y": 45.86504
          },
          {
            "magnitude": 54.5485573,
            "normalized": {
              "magnitude": 0.99999994,
              "normalized": {
                "magnitude": 1,
                "sqrMagnitude": 1,
                "x": 0.346989036,
                "y": 0.9378692
              },
              "sqrMagnitude": 0.9999999,
              "x": 0.346989,
              "y": 0.937869132
            },
            "sqrMagnitude": 2975.545,
            "x": 18.92775,
            "y": 51.15941
          },
          {
            "magnitude": 58.1583,
            "normalized": {
              "magnitude": 1,
              "sqrMagnitude": 1,
              "x": 0.8234053,
              "y": 0.5674537
            },
            "sqrMagnitude": 3382.3877,
            "x": 47.88785,
            "y": 33.00214
          },
          {
            "magnitude": 54.4181557,
            "normalized": {
              "magnitude": 1,
              "sqrMagnitude": 1,
              "x": 0.9456316,
              "y": 0.325239629
            },
            "sqrMagnitude": 2961.33569,
            "x": 51.45953,
            "y": 17.69894
          },
          {
            "magnitude": 53.4153481,
            "normalized": {
              "magnitude": 1,
              "sqrMagnitude": 1,
              "x": 0.9978941,
              "y": -0.06486461
            },
            "sqrMagnitude": 2853.19946,
            "x": 53.30286,
            "y": -3.464766
          },
          {
            "magnitude": 59.647438,
            "normalized": {
              "magnitude": 0.99999994,
              "normalized": {
                "magnitude": 1,
                "sqrMagnitude": 1.00000012,
                "x": 0.916167,
                "y": -0.4007968
              },
              "sqrMagnitude": 0.99999994,
              "x": 0.916166961,
              "y": -0.400796771
            },
            "sqrMagnitude": 3557.81665,
            "x": 54.64701,
            "y": -23.9065
          },
          {
            "magnitude": 56.9924469,
            "normalized": {
              "magnitude": 1,
              "sqrMagnitude": 1,
              "x": 0.573292136,
              "y": -0.819351
            },
            "sqrMagnitude": 3248.139,
            "x": 32.67332,
            "y": -46.69682
          },
          {
            "magnitude": 51.51537,
            "normalized": {
              "magnitude": 0.99999994,
              "normalized": {
                "magnitude": 1,
                "sqrMagnitude": 1,
                "x": 0.05869579,
                "y": -0.998275936
              },
              "sqrMagnitude": 0.99999994,
              "x": 0.0586957857,
              "y": -0.9982759
            },
            "sqrMagnitude": 2653.83325,
            "x": 3.023735,
            "y": -51.42655
          }
        ],
        "Radius": 1,
        "Shape": "Polygon"
      },
      "ValueSource": {}
    }
  ],
  "GroupName": "BGM",
  "HoYoGroupType": "Container",
  "HoyoGroupLowestLoadPlatformQuality": "VeryLow",
  "IsHoyoGroup": true,
  "LittleGameList": [],
  "LoadOnInitial": true,
  "MonsterList": [],
  "NPCList": [],
  "PathwayList": [],
  "PedestrianList": [],
  "PedestrianV2List": [],
  "PropList": [],
  "SaveType": "Reset",
  "SavedValueCondition": {
    "Conditions": [],
    "Operation": "And"
  },
  "SmartObjectList": [],
  "StreamingTemplateType": "Standard",
  "ValueSource": {},
  "WaypointList": []
}