{
  "AnchorList": [
    {
      "ID": 1,
      "Name": "FloorAnchor1",
      "PosX": 252.9,
      "PosY": 2.92,
      "PosZ": 89,
      "RotY": 270.0002
    },
    {
      "ID": 2,
      "Name": "FloorAnchor2",
      "PosX": 252.894,
      "PosY": 45.145,
      "PosZ": 89,
      "RotY": 270.0002
    }
  ],
  "AreaAnchorName": "LevelArea_P20413_F20413001_G4",
  "AudienceList": [],
  "BattleAreaList": [],
  "ConflictIDList": [],
  "ConflictWhiteList": [],
  "CrowdList": [],
  "CurveList": [],
  "DistrictList": [
    {
      "DistrictType": "Level",
      "ID": 1,
      "LoadOnInitial": true,
      "NPCCrowdRadius": 25,
      "Name": "District1",
      "PosX": 252.79,
      "PosY": 1.4,
      "PosZ": 89.011,
      "Scale": {
        "magnitude": 1.73205078,
        "normalized": {
          "magnitude": 0.99999994,
          "normalized": {
            "magnitude": 1.00000012,
            "sqrMagnitude": 1.00000024,
            "x": 0.5773503,
            "y": 0.5773503,
            "z": 0.5773503
          },
          "sqrMagnitude": 0.99999994,
          "x": 0.577350259,
          "y": 0.577350259,
          "z": 0.577350259
        },
        "sqrMagnitude": 3,
        "x": 1,
        "y": 1,
        "z": 1
      },
      "Trigger": {
        "DimX": 1,
        "DimY": 47,
        "DimZ": 1,
        "PointList": [
          {
            "magnitude": 8.401908,
            "normalized": {
              "magnitude": 1,
              "sqrMagnitude": 1.00000012,
              "x": -0.5776983,
              "y": -0.816250443
            },
            "sqrMagnitude": 70.59206,
            "x": -4.853768,
            "y": -6.858061
          },
          {
            "magnitude": 5.747424,
            "normalized": {
              "magnitude": 0.99999994,
              "normalized": {
                "magnitude": 1,
                "sqrMagnitude": 1,
                "x": -0.881790757,
                "y": -0.471640885
              },
              "sqrMagnitude": 0.9999999,
              "x": -0.8817907,
              "y": -0.471640855
            },
            "sqrMagnitude": 33.0328827,
            "x": -5.068025,
            "y": -2.71072
          },
          {
            "magnitude": 6.363039,
            "normalized": {
              "magnitude": 1,
              "sqrMagnitude": 1,
              "x": -0.8588263,
              "y": 0.512267
            },
            "sqrMagnitude": 40.488266,
            "x": -5.464745,
            "y": 3.259575
          },
          {
            "magnitude": 11.648737,
            "normalized": {
              "magnitude": 1,
              "sqrMagnitude": 1,
              "x": -0.4842214,
              "y": 0.8749455
            },
            "sqrMagnitude": 135.693069,
            "x": -5.640568,
            "y": 10.19201
          },
          {
            "magnitude": 11.6501484,
            "normalized": {
              "magnitude": 1,
              "sqrMagnitude": 1.00000012,
              "x": 0.5087181,
              "y": 0.860933244
            },
            "sqrMagnitude": 135.725967,
            "x": 5.926641,
            "y": 10.03
          },
          {
            "magnitude": 7.543518,
            "normalized": {
              "magnitude": 0.99999994,
              "normalized": {
                "magnitude": 1,
                "sqrMagnitude": 1,
                "x": 0.8074102,
                "y": 0.589990556
              },
              "sqrMagnitude": 0.9999999,
              "x": 0.8074101,
              "y": 0.5899905
            },
            "sqrMagnitude": 56.9046631,
            "x": 6.090713,
            "y": 4.450604
          },
          {
            "magnitude": 6.96682167,
            "normalized": {
              "magnitude": 1,
              "sqrMagnitude": 1,
              "x": 0.853079,
              "y": -0.5217818
            },
            "sqrMagnitude": 48.5366058,
            "x": 5.943249,
            "y": -3.635161
          },
          {
            "magnitude": 9.096513,
            "normalized": {
              "magnitude": 1,
              "sqrMagnitude": 1.00000012,
              "x": 0.647084534,
              "y": -0.7624183
            },
            "sqrMagnitude": 82.74655,
            "x": 5.886213,
            "y": -6.935348
          }
        ],
        "Radius": 7,
        "Shape": "Polygon"
      },
      "ValueSource": {}
    }
  ],
  "GroupName": "Mine_Elevator",
  "GroupPropertyMap": {
    "1": {
      "ID": 1,
      "MaxValue": 1,
      "Name": "Lock",
      "Side": "ServerClient"
    }
  },
  "HoyoGroupLowestLoadPlatformQuality": "VeryLow",
  "IsHoyoGroup": true,
  "LevelGraph": "Config/Level/GroupGraph/F20413001/Group_F20413001_G4.json",
  "LittleGameList": [],
  "LoadOnInitial": true,
  "LoadSide": "Server",
  "MonsterList": [],
  "NPCList": [],
  "PathwayList": [],
  "PedestrianList": [],
  "PedestrianV2List": [],
  "PropList": [
    {
      "CameraCenterEntityList": [],
      "CameraConfig": {},
      "CampID": 4,
      "CustomTriggerMap": {},
      "CustomTriggerMapV2": {},
      "DialogueGroups": [],
      "DialogueTriggerAngle": 120,
      "DialogueTriggerSkipFakeAvatar": true,
      "DialogueTriggerSkipSpecifiedFakeAvatarList": [],
      "ID": 300003,
      "LoadOnInitial": true,
      "LookAtPlayerTriggerRadius": 2,
      "Name": "1stElevatorDoor",
      "OverrideHintRange": -1,
      "OverrideLockRaycastOffset": 1.5,
      "OverrideMapIconType": -1,
      "OverrideSoundRange": -1,
      "PosX": 252.9,
      "PosY": 2.92,
      "PosZ": 89,
      "PropID": 104014,
      "RotY": 270.0002,
      "Scale": {
        "magnitude": 1.73205078,
        "normalized": {
          "magnitude": 0.99999994,
          "normalized": {
            "magnitude": 1.00000012,
            "sqrMagnitude": 1.00000024,
            "x": 0.5773503,
            "y": 0.5773503,
            "z": 0.5773503
          },
          "sqrMagnitude": 0.99999994,
          "x": 0.577350259,
          "y": 0.577350259,
          "z": 0.577350259
        },
        "sqrMagnitude": 3,
        "x": 1,
        "y": 1,
        "z": 1
      },
      "ServerInteractVerificationIDList": [],
      "SpawnConfig": {
        "EntitySpawnConfig": {
          "BlackInDistance": 25,
          "NeedBlackIn": true,
          "NeedFadeIn": true,
          "NeedFadeOut": true
        }
      },
      "State": "Open",
      "StateConfigs": [],
      "TalkDialogGroupIDList": [],
      "ValueSource": {
        "SharedValues": [
          {
            "$type": "RPG.GameCore.SharedInt, RPG.GameCore.Config",
            "Key": "IsOnGround",
            "Value": 1
          },
          {
            "$type": "RPG.GameCore.SharedInt, RPG.GameCore.Config",
            "Key": "CanOPDuringLock",
            "Value": 1
          }
        ],
        "Values": [
          {
            "$type": "RPG.GameCore.SharedInt, RPG.GameCore.Config",
            "Key": "IsOnGround",
            "Value": 1
          },
          {
            "$type": "RPG.GameCore.SharedInt, RPG.GameCore.Config",
            "Key": "CanOPDuringLock",
            "Value": 1
          }
        ]
      }
    },
    {
      "CameraCenterEntityList": [],
      "CameraConfig": {},
      "CampID": 4,
      "CustomTriggerMap": {},
      "CustomTriggerMapV2": {},
      "DialogueGroups": [],
      "DialogueTriggerAngle": 120,
      "DialogueTriggerSkipFakeAvatar": true,
      "DialogueTriggerSkipSpecifiedFakeAvatarList": [],
      "ID": 300004,
      "LoadOnInitial": true,
      "LookAtPlayerTriggerRadius": 2,
      "Name": "2ndElevatorDoor",
      "OverrideHintRange": -1,
      "OverrideLockRaycastOffset": 1.5,
      "OverrideMapIconType": -1,
      "OverrideSoundRange": -1,
      "PosX": 252.894,
      "PosY": 45.145,
      "PosZ": 89,
      "PropID": 104014,
      "RotY": 270.0002,
      "Scale": {
        "magnitude": 1.73205078,
        "normalized": {
          "magnitude": 0.99999994,