{
  "AnchorList": [
    {
      "ID": 1,
      "Name": "Anchor1"
    },
    {
      "ID": 2,
      "Name": "Anchor2",
      "PosX": 180.5404,
      "PosY": 3.044776,
      "PosZ": 241.6155
    }
  ],
  "AreaAnchorName": "LevelArea_P20413_F20413001_G279",
  "AudienceList": [],
  "BattleAreaList": [],
  "ConflictIDList": [],
  "ConflictWhiteList": [],
  "CrowdList": [],
  "CurveList": [
    {
      "ID": 1,
      "Name": "Curve1",
      "PointList": [
        {
          "Alias": "01",
          "Control1": {
            "magnitude": 0.6549938,
            "normalized": {
              "magnitude": 1,
              "sqrMagnitude": 1,
              "x": 0.823494852,
              "y": -0.005509976,
              "z": 0.567297041
            },
            "sqrMagnitude": 0.429016858,
            "x": 0.539384,
            "y": -0.003609,
            "z": 0.371576
          },
          "Control2": {
            "magnitude": 0.6549938,
            "normalized": {
              "magnitude": 1,
              "sqrMagnitude": 1,
              "x": -0.823494852,
              "y": 0.005509976,
              "z": -0.567297041
            },
            "sqrMagnitude": 0.429016858,
            "x": -0.539384,
            "y": 0.003609,
            "z": -0.371576
          },
          "ControlType": 1,
          "Position": {
            "magnitude": 0.2,
            "normalized": {
              "magnitude": 1,
              "sqrMagnitude": 1,
              "y": 1
            },
            "sqrMagnitude": 0.0400000028,
            "y": 0.2
          }
        },
        {
          "Control1": {
            "magnitude": 1.82019746,
            "normalized": {
              "magnitude": 1,
              "sqrMagnitude": 1,
              "x": 0.679266453,
              "y": -0.198795468,
              "z": 0.706454158
            },
            "sqrMagnitude": 3.313119,
            "x": 1.236399,
            "y": -0.361847,
            "z": 1.285886
          },
          "Control2": {
            "magnitude": 1.82019746,
            "normalized": {
              "magnitude": 1,
              "sqrMagnitude": 1,
              "x": -0.679266453,
              "y": 0.198795468,
              "z": -0.706454158
            },
            "sqrMagnitude": 3.313119,
            "x": -1.236399,
            "y": 0.361847,
            "z": -1.285886
          },
          "ControlType": 1,
          "Position": {
            "magnitude": 6.75133562,
            "normalized": {
              "magnitude": 0.99999994,
              "normalized": {
                "magnitude": 1,
                "sqrMagnitude": 1,
                "x": -0.7273554,
                "y": 0.199941486,
                "z": -0.656488836
              },
              "sqrMagnitude": 0.99999994,
              "x": -0.727355361,
              "y": 0.199941471,
              "z": -0.6564888
            },
            "sqrMagnitude": 45.5805321,
            "x": -4.91062,
            "y": 1.349872,
            "z": -4.432176
          }
        },
        {
          "Control1": {
            "magnitude": 2.18963766,
            "normalized": {
              "magnitude": 1,
              "sqrMagnitude": 1,
              "x": 0.7101207,
              "y": -0.08935633,
              "z": 0.6983868
            },
            "sqrMagnitude": 4.794513,
            "x": 1.554907,
            "y": -0.195658,
            "z": 1.529214
          },
          "Control2": {
            "magnitude": 2.18963766,
            "normalized": {
              "magnitude": 1,
              "sqrMagnitude": 1,
              "x": -0.7101207,
              "y": 0.08935633,
              "z": -0.6983868
            },
            "sqrMagnitude": 4.794513,
            "x": -1.554907,
            "y": 0.195658,
            "z": -1.529214
          },
          "ControlType": 1,
          "Position": {
            "magnitude": 16.3123817,
            "normalized": {
              "magnitude": 1,
              "sqrMagnitude": 1,
              "x": -0.654428,
              "y": 0.266740322,
              "z": -0.707512259
            },
            "sqrMagnitude": 266.0938,
            "x": -10.67528,
            "y": 4.35117,
            "z": -11.54121
          }
        },
        {
          "Control1": {
            "magnitude": 1.18019462,
            "normalized": {
              "magnitude": 0.99999994,
              "normalized": {
                "magnitude": 1,
                "sqrMagnitude": 1.00000012,
                "x": 0.855556369,
                "y": -0.131791845,
                "z": 0.5006539
              },
              "sqrMagnitude": 0.99999994,
              "x": 0.8555563,
              "y": -0.13179183,
              "z": 0.500653863
            },
            "sqrMagnitude": 1.39285934,
            "x": 1.009723,
            "y": -0.15554,
            "z": 0.590869
          },
          "Control2": {
            "magnitude": 1.18019462,
            "normalized": {
              "magnitude": 0.99999994,
              "normalized": {
                "magnitude": 1,
                "sqrMagnitude": 1.00000012,
                "x": -0.855556369,
                "y": 0.131791845,
                "z": -0.5006539
              },
              "sqrMagnitude": 0.99999994,
              "x": -0.8555563,
              "y": 0.13179183,
              "z": -0.500653863
            },
            "sqrMagnitude": 1.39285934,
            "x": -1.009723,
            "y": 0.15554,
            "z": -0.590869
          },
          "ControlType": 1,
          "Position": {
            "magnitude": 23.13077,
            "normalized": {
              "magnitude": 1,
              "sqrMagnitude": 1.00000012,
              "x": -0.703846037,
              "y": 0.2238168,
              "z": -0.674171269
            },
            "sqrMagnitude": 535.032532,
            "x": -16.2805,
            "y": 5.177055,
            "z": -15.5941
          }
        },
        {
          "Control1": {
            "magnitude": 1.19165182,
            "normalized": {
              "magnitude": 1,
              "sqrMagnitude": 1.00000012,
              "x": 0.98605907,
              "y": 0.09635869,
              "z": 0.135656238
            },
            "sqrMagnitude": 1.42003417,
            "x": 1.175039,
            "y": 0.114826,
            "z": 0.161655
          },
          "Control2": {
            "magnitude": 1.19165182,
            "normalized": {
              "magnitude": 1,
              "sqrMagnitude": 1.00000012,
              "x": -0.98605907,
              "y": -0.09635869,
              "z": -0.135656238
            },
            "sqrMagnitude": 1.42003417,
            "x": -1.175039,
            "y": -0.114826,
            "z": -0.161655
          },
          "ControlType": 1,
          "Position": {
            "magnitude": 25.47278,
            "normalized": {
              "magnitude": 0.99999994,
              "normalized": {
                "magnitude": 1,
                "sqrMagnitude": 1.00000012,
                "x": -0.756233156,
                "y": 0.183844373,
                "z": -0.6279433
              },
              "sqrMagnitude": 0.99999994,
              "x": -0.7562331,
              "y": 0.183844358,
              "z": -0.6279432
            },
            "sqrMagnitude": 648.8625,
            "x": -19.26336,
            "y": 4.683027,
            "z": -15.99546
          }
        },
        {
          "Alias": "02",
          "Control1": {
            "magnitude": 1.05141151,
            "normalized": {
              "magnitude": 1,
              "sqrMagnitude": 1,
              "x": 0.9538235,
              "z": -0.300367653
            },
            "sqrMagnitude": 1.10546625,
            "x": 1.002861,
            "z": -0.31581
          },
          "Control2": {
            "magnitude": 1.05141151,
            "normalized": {
              "magnitude": 1,