{
  "AnchorList": [
    {
      "ID": 1,
      "Name": "Anchor1"
    },
    {
      "ID": 2,
      "Name": "Anchor2",
      "PosX": 15.67873,
      "PosY": 60.827,
      "PosZ": -66.92161
    }
  ],
  "AreaAnchorName": "LevelArea_P20413_F20413001_G278",
  "AudienceList": [],
  "BattleAreaList": [],
  "ConflictIDList": [],
  "ConflictWhiteList": [],
  "CrowdList": [],
  "CurveList": [
    {
      "ID": 1,
      "Name": "Curve1",
      "PointList": [
        {
          "Alias": "01",
          "Control1": {
            "magnitude": 1.03214335,
            "normalized": {
              "magnitude": 1,
              "sqrMagnitude": 1.00000012,
              "x": -0.6140436,
              "y": -0.0034966073,
              "z": 0.789264441
            },
            "sqrMagnitude": 1.06532,
            "x": -0.633781,
            "y": -0.003609,
            "z": 0.814634
          },
          "Control2": {
            "magnitude": 1.03214335,
            "normalized": {
              "magnitude": 1,
              "sqrMagnitude": 1.00000012,
              "x": 0.6140436,
              "y": 0.0034966073,
              "z": -0.789264441
            },
            "sqrMagnitude": 1.06532,
            "x": 0.633781,
            "y": 0.003609,
            "z": -0.814634
          },
          "ControlType": 1,
          "Position": {
            "magnitude": 1,
            "sqrMagnitude": 1,
            "y": 1
          }
        },
        {
          "Control1": {
            "magnitude": 0.9221101,
            "normalized": {
              "magnitude": 1,
              "sqrMagnitude": 1,
              "x": -0.679331,
              "y": -0.061375536,
              "z": 0.731260836
            },
            "sqrMagnitude": 0.850287,
            "x": -0.626418,
            "y": -0.056595,
            "z": 0.674303
          },
          "Control2": {
            "magnitude": 0.9221101,
            "normalized": {
              "magnitude": 1,
              "sqrMagnitude": 1,
              "x": 0.679331,
              "y": 0.061375536,
              "z": -0.731260836
            },
            "sqrMagnitude": 0.850287,
            "x": 0.626418,
            "y": 0.056595,
            "z": -0.674303
          },
          "ControlType": 1,
          "Position": {
            "magnitude": 2.83514571,
            "normalized": {
              "magnitude": 1,
              "sqrMagnitude": 1,
              "x": 0.6356333,
              "y": 0.369325638,
              "z": -0.6779151
            },
            "sqrMagnitude": 8.038052,
            "x": 1.802113,
            "y": 1.047092,
            "z": -1.921988
          }
        },
        {
          "Control1": {
            "magnitude": 7.06359625,
            "normalized": {
              "magnitude": 0.99999994,
              "normalized": {
                "magnitude": 1,
                "sqrMagnitude": 1,
                "x": -0.977104,
                "y": -0.212000519,
                "z": -0.0179870147
              },
              "sqrMagnitude": 0.9999999,
              "x": -0.977103949,
              "y": -0.2120005,
              "z": -0.0179870129
            },
            "sqrMagnitude": 49.89439,
            "x": -6.901868,
            "y": -1.497486,
            "z": -0.127053
          },
          "Control2": {
            "magnitude": 7.06359625,
            "normalized": {
              "magnitude": 0.99999994,
              "normalized": {
                "magnitude": 1,
                "sqrMagnitude": 1,
                "x": 0.977104,
                "y": 0.212000519,
                "z": 0.0179870147
              },
              "sqrMagnitude": 0.9999999,
              "x": 0.977103949,
              "y": 0.2120005,
              "z": 0.0179870129
            },
            "sqrMagnitude": 49.89439,
            "x": 6.901868,
            "y": 1.497486,
            "z": 0.127053
          },
          "ControlType": 1,
          "Position": {
            "magnitude": 18.1716347,
            "normalized": {
              "magnitude": 1,
              "sqrMagnitude": 1,
              "x": 0.8380875,
              "y": 0.202525809,
              "z": -0.5065498
            },
            "sqrMagnitude": 330.2083,
            "x": 15.22942,
            "y": 3.680225,
            "z": -9.204838
          }
        },
        {
          "Control1": {
            "magnitude": 2.82796741,
            "normalized": {
              "magnitude": 0.99999994,
              "normalized": {
                "magnitude": 1,
                "sqrMagnitude": 1.00000012,
                "x": -0.9059571,
                "y": -0.167326555,
                "z": -0.388900548
              },
              "sqrMagnitude": 0.99999994,
              "x": -0.905957043,
              "y": -0.16732654,
              "z": -0.388900518
            },
            "sqrMagnitude": 7.99739933,
            "x": -2.562017,
            "y": -0.473194,
            "z": -1.099798
          },
          "Control2": {
            "magnitude": 2.82796741,
            "normalized": {
              "magnitude": 0.99999994,
              "normalized": {
                "magnitude": 1,
                "sqrMagnitude": 1.00000012,
                "x": 0.9059571,
                "y": 0.167326555,
                "z": 0.388900548
              },
              "sqrMagnitude": 0.99999994,
              "x": 0.905957043,
              "y": 0.16732654,
              "z": 0.388900518
            },
            "sqrMagnitude": 7.99739933,
            "x": 2.562017,
            "y": 0.473194,
            "z": 1.099798
          },
          "ControlType": 1,
          "Position": {
            "magnitude": 33.8261642,
            "normalized": {
              "magnitude": 1,
              "sqrMagnitude": 1.00000012,
              "x": 0.9719388,
              "y": 0.234228775,
              "z": -0.0217254888
            },
            "sqrMagnitude": 1144.20947,
            "x": 32.87696,
            "y": 7.923061,
            "z": -0.73489
          }
        },
        {
          "Control1": {
            "magnitude": 1,
            "sqrMagnitude": 1,
            "x": -1
          },
          "Control2": {
            "magnitude": 1,
            "sqrMagnitude": 1,
            "x": 1
          },
          "ControlType": 1,
          "Position": {
            "magnitude": 50.3411255,
            "normalized": {
              "magnitude": 1,
              "sqrMagnitude": 1.00000012,
              "x": 0.9787962,
              "y": 0.198213875,
              "z": 0.0516664051
            },
            "sqrMagnitude": 2534.229,
            "x": 49.2737,
            "y": 9.97831,
            "z": 2.600945
          }
        },
        {
          "Alias": "02",
          "Control1": {
            "magnitude": 1.00482845,
            "normalized": {
              "magnitude": 1,
              "sqrMagnitude": 1,
              "x": -0.9951798,
              "z": 0.0980674848
            },
            "sqrMagnitude": 1.00968027,
            "x": -0.999985,
            "z": 0.098541
          },
          "Control2": {
            "magnitude": 1.00482845,
            "normalized": {
              "magnitude": 1,
              "sqrMagnitude": 1,
              "x": 0.9951798,
              "z": -0.0980674848
            },
            "sqrMagnitude": 1.00968027,
            "x": 0.999985,
            "z": -0.098541
          },
          "ControlType": 1,
          "Position": {
            "magnitude": 56.2638,
            "normalized": {
              "magnitude": 1,
              "sqrMagnitude": 1,
              "x": 0.983254254,
              "y": 0.177348658,
              "z": 0.0419350974
            },
            "sqrMagnitude": 3165.61523,
            "x": 55.32162,
            "y": 9.97831,
            "z": 2.359428
          }
        }
      ],
      "PosX": 13.31931,
      "PosY": 50.04869,
      "PosZ": -11.6,