{
  "AnchorList": [
    {
      "ID": 1,
      "Name": "FloorAnchor1",
      "PosX": -0.212994,
      "PosY": -17.149,
      "PosZ": -21.072,
      "RotY": 270.0002
    },
    {
      "ID": 2,
      "Name": "FloorAnchor2",
      "PosX": -0.213,
      "PosY": 43.757,
      "PosZ": -21.072,
      "RotY": 270.0002
    }
  ],
  "AreaAnchorName": "LevelArea_P20413_F20413001_G52",
  "AudienceList": [],
  "BattleAreaList": [],
  "ConflictIDList": [],
  "ConflictWhiteList": [],
  "CrowdList": [],
  "CurveList": [],
  "DistrictList": [
    {
      "DistrictType": "Level",
      "ID": 1,
      "LoadOnInitial": true,
      "NPCCrowdRadius": 25,
      "Name": "District1",
      "PosX": -0.322995,
      "PosY": -19.62,
      "PosZ": -21.07599,
      "Scale": {
        "magnitude": 1.73205078,
        "normalized": {
          "magnitude": 0.99999994,
          "normalized": {
            "magnitude": 1.00000012,
            "sqrMagnitude": 1.00000024,
            "x": 0.5773503,
            "y": 0.5773503,
            "z": 0.5773503
          },
          "sqrMagnitude": 0.99999994,
          "x": 0.577350259,
          "y": 0.577350259,
          "z": 0.577350259
        },
        "sqrMagnitude": 3,
        "x": 1,
        "y": 1,
        "z": 1
      },
      "Trigger": {
        "DimX": 1,
        "DimY": 66,
        "DimZ": 1,
        "PointList": [
          {
            "magnitude": 13.1073,
            "normalized": {
              "magnitude": 0.99999994,
              "normalized": {
                "magnitude": 1,
                "sqrMagnitude": 1,
                "x": -0.671285331,
                "y": -0.7411991
              },
              "sqrMagnitude": 0.99999994,
              "x": -0.6712853,
              "y": -0.741199
            },
            "sqrMagnitude": 171.8013,
            "x": -8.798738,
            "y": -9.715117
          },
          {
            "magnitude": 12.8999414,
            "normalized": {
              "magnitude": 1,
              "sqrMagnitude": 1,
              "x": -0.680290163,
              "y": 0.732942939
            },
            "sqrMagnitude": 166.4085,
            "x": -8.775703,
            "y": 9.454921
          },
          {
            "magnitude": 14.2214708,
            "normalized": {
              "magnitude": 1,
              "sqrMagnitude": 1,
              "x": 0.7448266,
              "y": 0.667258
            },
            "sqrMagnitude": 202.250229,
            "x": 10.59253,
            "y": 9.48939
          },
          {
            "magnitude": 14.271039,
            "normalized": {
              "magnitude": 1,
              "sqrMagnitude": 1,
              "x": 0.736254752,
              "y": -0.676704466
            },
            "sqrMagnitude": 203.662567,
            "x": 10.50712,
            "y": -9.657276
          }
        ],
        "Radius": 7,
        "Shape": "Polygon"
      },
      "ValueSource": {}
    }
  ],
  "GroupName": "Final_Elevator",
  "GroupPropertyMap": {
    "1": {
      "ID": 1,
      "MaxValue": 1,
      "Name": "Lock",
      "Side": "ServerClient"
    }
  },
  "HoyoGroupLowestLoadPlatformQuality": "VeryLow",
  "IsHoyoGroup": true,
  "LevelGraph": "Config/Level/GroupGraph/F20413001/Group_F20413001_G52.json",
  "LittleGameList": [],
  "LoadOnInitial": true,
  "LoadSide": "Server",
  "MonsterList": [],
  "NPCList": [],
  "PathwayList": [],
  "PedestrianList": [],
  "PedestrianV2List": [],
  "PropList": [
    {
      "CameraCenterEntityList": [],
      "CameraConfig": {},
      "CampID": 4,
      "CustomTriggerMap": {},
      "CustomTriggerMapV2": {},
      "DialogueGroups": [],
      "DialogueTriggerAngle": 120,
      "DialogueTriggerSkipFakeAvatar": true,
      "DialogueTriggerSkipSpecifiedFakeAvatarList": [],
      "ID": 300003,
      "LoadOnInitial": true,
      "LookAtPlayerTriggerRadius": 2,
      "Name": "1stElevatorDoor",
      "OverrideHintRange": -1,
      "OverrideLockRaycastOffset": 1.5,
      "OverrideMapIconType": -1,
      "OverrideSoundRange": -1,
      "PosX": -0.212994,
      "PosY": -17.239,
      "PosZ": -21.072,
      "PropID": 104014,
      "RotY": 270.0002,
      "Scale": {
        "magnitude": 1.73205078,
        "normalized": {
          "magnitude": 0.99999994,
          "normalized": {
            "magnitude": 1.00000012,
            "sqrMagnitude": 1.00000024,
            "x": 0.5773503,
            "y": 0.5773503,
            "z": 0.5773503
          },
          "sqrMagnitude": 0.99999994,
          "x": 0.577350259,
          "y": 0.577350259,
          "z": 0.577350259
        },
        "sqrMagnitude": 3,
        "x": 1,
        "y": 1,
        "z": 1
      },
      "ServerInteractVerificationIDList": [],
      "SpawnConfig": {
        "EntitySpawnConfig": {
          "BlackInDistance": 25,
          "NeedBlackIn": true,
          "NeedFadeIn": true,
          "NeedFadeOut": true
        }
      },
      "State": "Open",
      "StateConfigs": [],
      "TalkDialogGroupIDList": [],
      "ValueSource": {
        "SharedValues": [
          {
            "$type": "RPG.GameCore.SharedInt, RPG.GameCore.Config",
            "Key": "IsOnGround",
            "Value": 1
          },
          {
            "$type": "RPG.GameCore.SharedInt, RPG.GameCore.Config",
            "Key": "CanOPDuringLock",
            "Value": 1
          }
        ],
        "Values": [
          {
            "$type": "RPG.GameCore.SharedInt, RPG.GameCore.Config",
            "Key": "IsOnGround",
            "Value": 1
          },
          {
            "$type": "RPG.GameCore.SharedInt, RPG.GameCore.Config",
            "Key": "CanOPDuringLock",
            "Value": 1
          }
        ]
      }
    },
    {
      "CameraCenterEntityList": [],
      "CameraConfig": {},
      "CampID": 4,
      "CustomTriggerMap": {},
      "CustomTriggerMapV2": {},
      "DialogueGroups": [],
      "DialogueTriggerAngle": 120,
      "DialogueTriggerSkipFakeAvatar": true,
      "DialogueTriggerSkipSpecifiedFakeAvatarList": [],
      "ID": 300004,
      "LoadOnInitial": true,
      "LookAtPlayerTriggerRadius": 2,
      "Name": "2ndElevatorDoor",
      "OverrideHintRange": -1,
      "OverrideLockRaycastOffset": 1.5,
      "OverrideMapIconType": -1,
      "OverrideSoundRange": -1,
      "PosX": -0.212994,
      "PosY": 43.757,
      "PosZ": -21.072,
      "PropID": 104014,
      "RotY": 270.0002,
      "Scale": {
        "magnitude": 1.73205078,
        "normalized": {
          "magnitude": 0.99999994,
          "normalized": {
            "magnitude": 1.00000012,
            "sqrMagnitude": 1.00000024,
            "x": 0.5773503,
            "y": 0.5773503,
            "z": 0.5773503
          },
          "sqrMagnitude": 0.99999994,
          "x": 0.577350259,
          "y": 0.577350259,
          "z": 0.577350259
        },
        "sqrMagnitude": 3,
        "x": 1,
        "y": 1,
        "z": 1
      },
      "ServerInteractVerificationIDList": [],
      "SpawnConfig": {
        "EntitySpawnConfig": {
          "BlackInDistance": 25,
          "NeedBlackIn": true,
          "NeedFadeIn": true,
          "NeedFadeOut": true
        }
      },
      "State": "Open",
      "StateConfigs": [],
      "TalkDialogGroupIDList": [],
      "ValueSource": {
        "SharedValues": [
          {
            "$type": "RPG.GameCore.SharedInt, RPG.GameCore.Config",
            "Key": "IsOnGround",
            "Value": 1
          },
          {
            "$type": "RPG.GameCore.SharedInt, RPG.GameCore.Config",
            "Key": "CanOPDuringLock",
            "Value": 1
          }
        ],
        "Values": [
          {
            "$type": "RPG.GameCore.SharedInt, RPG.GameCore.Config",
            "Key": "IsOnGround",
            "Value": 1
          },
          {
            "$type": "RPG.GameCore.SharedInt, RPG.GameCore.Config",
            "Key": "CanOPDuringLock",
            "Value": 1
          }
        ]
      }
    },
    {
      "CameraCenterEntityList": [],