{
  "AnchorList": [
    {
      "ID": 1,
      "Name": "FloorAnchor1",
      "PosX": -21.477,
      "PosY": -14.828,
      "PosZ": -337.614,
      "RotY": 90
    },
    {
      "ID": 2,
      "Name": "FloorAnchor2",
      "PosX": -21.477,
      "PosY": 26.791,
      "PosZ": -337.614,
      "RotY": 90
    }
  ],
  "AreaAnchorName": "LevelArea_P20413_F20413001_G2",
  "AudienceList": [],
  "BattleAreaList": [],
  "ConflictIDList": [],
  "ConflictWhiteList": [],
  "CrowdList": [],
  "CurveList": [],
  "DistrictList": [
    {
      "DistrictType": "Level",
      "ID": 1,
      "LoadOnInitial": true,
      "NPCCrowdRadius": 25,
      "Name": "District1",
      "PosX": -23.42,
      "PosY": -15.15,
      "PosZ": -338.3,
      "Scale": {
        "magnitude": 1.73205078,
        "normalized": {
          "magnitude": 0.99999994,
          "normalized": {
            "magnitude": 1.00000012,
            "sqrMagnitude": 1.00000024,
            "x": 0.5773503,
            "y": 0.5773503,
            "z": 0.5773503
          },
          "sqrMagnitude": 0.99999994,
          "x": 0.577350259,
          "y": 0.577350259,
          "z": 0.577350259
        },
        "sqrMagnitude": 3,
        "x": 1,
        "y": 1,
        "z": 1
      },
      "Trigger": {
        "DimX": 1,
        "DimY": 45,
        "DimZ": 1,
        "PointList": [
          {
            "magnitude": 7.40710258,
            "normalized": {
              "magnitude": 0.99999994,
              "normalized": {
                "magnitude": 1,
                "sqrMagnitude": 1,
                "x": -0.550647855,
                "y": -0.834737659
              },
              "sqrMagnitude": 0.9999999,
              "x": -0.5506478,
              "y": -0.8347376
            },
            "sqrMagnitude": 54.8651657,
            "x": -4.078705,
            "y": -6.182987
          },
          {
            "magnitude": 7.47799873,
            "normalized": {
              "magnitude": 0.99999994,
              "normalized": {
                "magnitude": 1,
                "sqrMagnitude": 1.00000012,
                "x": -0.9602975,
                "y": -0.278978
              },
              "sqrMagnitude": 0.99999994,
              "x": -0.960297465,
              "y": -0.27897796
            },
            "sqrMagnitude": 55.9204636,
            "x": -7.181103,
            "y": -2.086197
          },
          {
            "magnitude": 8.548694,
            "normalized": {
              "magnitude": 1,
              "sqrMagnitude": 1,
              "x": -0.8578115,
              "y": 0.5139645
            },
            "sqrMagnitude": 73.08017,
            "x": -7.333168,
            "y": 4.393725
          },
          {
            "magnitude": 8.30748749,
            "normalized": {
              "magnitude": 0.9999999,
              "normalized": {
                "magnitude": 1,
                "sqrMagnitude": 1.00000012,
                "x": -0.3242143,
                "y": 0.9459837
              },
              "sqrMagnitude": 0.9999998,
              "x": -0.32421428,
              "y": 0.9459836
            },
            "sqrMagnitude": 69.01434,
            "x": -2.693406,
            "y": 7.858747
          },
          {
            "magnitude": 8.74207,
            "normalized": {
              "magnitude": 1,
              "sqrMagnitude": 1,
              "x": 0.308649659,
              "y": 0.9511758
            },
            "sqrMagnitude": 76.42379,
            "x": 2.698237,
            "y": 8.315246
          },
          {
            "magnitude": 11.4905577,
            "normalized": {
              "magnitude": 1,
              "sqrMagnitude": 1,
              "x": 0.8639198,
              "y": 0.503629446
            },
            "sqrMagnitude": 132.032913,
            "x": 9.92692,
            "y": 5.786983
          },
          {
            "magnitude": 10.8837872,
            "normalized": {
              "magnitude": 1,
              "sqrMagnitude": 1.00000012,
              "x": 0.907942355,
              "y": -0.419095218
            },
            "sqrMagnitude": 118.456833,
            "x": 9.881851,
            "y": -4.561343
          },
          {
            "magnitude": 9.062956,
            "normalized": {
              "magnitude": 1,
              "sqrMagnitude": 1,
              "x": 0.35831663,
              "y": -0.9336001
            },
            "sqrMagnitude": 82.13718,
            "x": 3.247408,
            "y": -8.461177
          }
        ],
        "Radius": 7,
        "Shape": "Polygon"
      },
      "ValueSource": {}
    }
  ],
  "GroupName": "Bridge_Elevator",
  "GroupPropertyMap": {
    "1": {
      "ID": 1,
      "MaxValue": 1,
      "Name": "Floor",
      "Side": "ServerClient"
    },
    "3": {
      "ID": 3,
      "MaxValue": 1,
      "Name": "Lock",
      "Side": "ServerClient"
    }
  },
  "HoyoGroupLowestLoadPlatformQuality": "VeryLow",
  "IsHoyoGroup": true,
  "LevelGraph": "Config/Level/GroupGraph/F20413001/Group_F20413001_G2.json",
  "LittleGameList": [],
  "LoadOnInitial": true,
  "LoadSide": "Server",
  "MonsterList": [],
  "NPCList": [],
  "PathwayList": [],
  "PedestrianList": [],
  "PedestrianV2List": [],
  "PropList": [
    {
      "CameraCenterEntityList": [],
      "CameraConfig": {},
      "CampID": 4,
      "CustomTriggerMap": {},
      "CustomTriggerMapV2": {},
      "DialogueGroups": [],
      "DialogueTriggerAngle": 120,
      "DialogueTriggerSkipFakeAvatar": true,
      "DialogueTriggerSkipSpecifiedFakeAvatarList": [],
      "ID": 300001,
      "LoadOnInitial": true,
      "LookAtPlayerTriggerRadius": 2,
      "Name": "1stConsole",
      "OverrideHintRange": -1,
      "OverrideLockRaycastOffset": 1.5,
      "OverrideMapIconType": -1,
      "OverrideSoundRange": -1,
      "PosX": -16.43,
      "PosY": 26.66037,
      "PosZ": -334.07,
      "PropID": 104003,
      "RotY": 75.00021,
      "Scale": {
        "magnitude": 1.73205078,
        "normalized": {
          "magnitude": 0.99999994,
          "normalized": {
            "magnitude": 1.00000012,
            "sqrMagnitude": 1.00000024,
            "x": 0.5773503,
            "y": 0.5773503,
            "z": 0.5773503
          },
          "sqrMagnitude": 0.99999994,
          "x": 0.577350259,
          "y": 0.577350259,
          "z": 0.577350259
        },
        "sqrMagnitude": 3,
        "x": 1,
        "y": 1,
        "z": 1
      },
      "ServerInteractVerificationIDList": [],
      "SpawnConfig": {
        "EntitySpawnConfig": {
          "BlackInDistance": 25,
          "NeedBlackIn": true,
          "NeedFadeIn": true,
          "NeedFadeOut": true
        }
      },
      "State": "Open",
      "StateConfigs": [],
      "TalkDialogGroupIDList": [],
      "ValueSource": {
        "SharedValues": [
          {
            "$type": "RPG.GameCore.SharedString, RPG.GameCore.Config",
            "Key": "LockedText",
            "Value": "MazeText_Maze_Prop_A01_ElevatorCtrl_02"
          },
          {
            "$type": "RPG.GameCore.SharedInt, RPG.GameCore.Config",
            "Key": "Floor",
            "Value": 1
          }
        ],
        "Values": [
          {
            "$type": "RPG.GameCore.SharedString, RPG.GameCore.Config",
            "Key": "LockedText",
            "Value": "MazeText_Maze_Prop_A01_ElevatorCtrl_02"
          },
          {
            "$type": "RPG.GameCore.SharedInt, RPG.GameCore.Config",
            "Key": "Floor",
            "Value": 1
          }
        ]
      }
    },
    {
      "CameraCenterEntityList": [],
      "CameraConfig": {},
      "CampID": 4,
      "CustomTriggerMap": {},
      "CustomTriggerMapV2": {},
      "DialogueGroups": [],
      "DialogueTriggerAngle": 120,
      "DialogueTriggerSkipFakeAvatar": true,
      "DialogueTriggerSkipSpecifiedFakeAvatarList": [],
      "ID": 300002,
      "LoadOnInitial": true,
      "LookAtPlayerTriggerRadius": 2,
      "Name": "2ndConsole",