{
  "AnchorList": [
    {
      "ID": 1,
      "Name": "PullBack",
      "PosY": -5.1,
      "PosZ": 149.53
    }
  ],
  "AreaAnchorName": "LevelArea_P20413_F20413001_G153",
  "AudienceList": [],
  "BattleAreaList": [],
  "ConflictIDList": [],
  "ConflictWhiteList": [],
  "CrowdList": [],
  "CurveList": [],
  "DistrictList": [
    {
      "DistrictType": "Level",
      "ID": 1,
      "LevelGraph": "Config/Level/Props/Chap04/InitLevelGraph_Prop_Chap04_HandDistrict_01.json",
      "LoadOnInitial": true,
      "NPCCrowdRadius": 25,
      "Name": "District1",
      "PosX": 4.6,
      "PosY": -58.5,
      "PosZ": 183.8,
      "Scale": {
        "magnitude": 1.73205078,
        "normalized": {
          "magnitude": 0.99999994,
          "normalized": {
            "magnitude": 1.00000012,
            "sqrMagnitude": 1.00000024,
            "x": 0.5773503,
            "y": 0.5773503,
            "z": 0.5773503
          },
          "sqrMagnitude": 0.99999994,
          "x": 0.577350259,
          "y": 0.577350259,
          "z": 0.577350259
        },
        "sqrMagnitude": 3,
        "x": 1,
        "y": 1,
        "z": 1
      },
      "Trigger": {
        "DimX": 130,
        "DimY": 110,
        "DimZ": 100,
        "PointList": [
          {
            "magnitude": 70.23778,
            "normalized": {
              "magnitude": 0.99999994,
              "normalized": {
                "magnitude": 1,
                "sqrMagnitude": 1.00000012,
                "x": -0.8074433,
                "y": -0.589945257
              },
              "sqrMagnitude": 0.99999994,
              "x": -0.807443261,
              "y": -0.5899452
            },
            "sqrMagnitude": 4933.345,
            "x": -56.71302,
            "y": -41.43644
          },
          {
            "magnitude": 83.49187,
            "normalized": {
              "magnitude": 0.99999994,
              "normalized": {
                "magnitude": 1,
                "sqrMagnitude": 1.00000012,
                "x": -0.9881569,
                "y": 0.153447047
              },
              "sqrMagnitude": 0.99999994,
              "x": -0.988156855,
              "y": 0.153447032
            },
            "sqrMagnitude": 6970.8916,
            "x": -82.50306,
            "y": 12.81158
          },
          {
            "magnitude": 93.20801,
            "normalized": {
              "magnitude": 1,
              "sqrMagnitude": 1,
              "x": -0.689556062,
              "y": 0.7242323
            },
            "sqrMagnitude": 8687.732,
            "x": -64.27215,
            "y": 67.50425
          },
          {
            "magnitude": 91.53798,
            "normalized": {
              "magnitude": 1,
              "sqrMagnitude": 1,
              "x": -0.0220709033,
              "y": 0.9997564
            },
            "sqrMagnitude": 8379.201,
            "x": -2.020326,
            "y": 91.51568
          },
          {
            "magnitude": 87.18939,
            "normalized": {
              "magnitude": 1,
              "sqrMagnitude": 1.00000012,
              "x": 0.6959124,
              "y": 0.7181267
            },
            "sqrMagnitude": 7601.99,
            "x": 60.67618,
            "y": 62.61303
          },
          {
            "magnitude": 71.82621,
            "normalized": {
              "magnitude": 0.99999994,
              "normalized": {
                "magnitude": 1,
                "sqrMagnitude": 1.00000012,
                "x": 0.987149954,
                "y": 0.159796968
              },
              "sqrMagnitude": 0.99999994,
              "x": 0.9871499,
              "y": 0.159796953
            },
            "sqrMagnitude": 5159.00439,
            "x": 70.90324,
            "y": 11.47761
          },
          {
            "magnitude": 65.84785,
            "normalized": {
              "magnitude": 1,
              "sqrMagnitude": 1.00000012,
              "x": 0.793157,
              "y": -0.6090174
            },
            "sqrMagnitude": 4335.93945,
            "x": 52.22768,
            "y": -40.10248
          },
          {
            "magnitude": 64.76229,
            "normalized": {
              "magnitude": 1,
              "sqrMagnitude": 1.00000012,
              "x": -0.07925762,
              "y": -0.996854246
            },
            "sqrMagnitude": 4194.155,
            "x": -5.132905,
            "y": -64.55856
          }
        ],
        "Radius": 1,
        "Shape": "Polygon"
      },
      "ValueSource": {
        "SharedValues": [
          {
            "$type": "RPG.GameCore.SharedString, RPG.GameCore.Config",
            "Key": "FCV_SwitchHand_PuzzleID",
            "Value": "FCV_SwitchHand_P13"
          }
        ],
        "Values": [
          {
            "$type": "RPG.GameCore.SharedString, RPG.GameCore.Config",
            "Key": "FCV_SwitchHand_PuzzleID",
            "Value": "FCV_SwitchHand_P13"
          }
        ]
      }
    }
  ],
  "GroupName": "SwitchHand",
  "HoyoGroupLowestLoadPlatformQuality": "VeryLow",
  "IsHoyoGroup": true,
  "LevelGraph": "Config/Level/GroupGraph/F20413001/Group_F20413001_G153.json",
  "LittleGameList": [],
  "LoadOnInitial": true,
  "LoadSide": "Server",
  "MonsterList": [],
  "NPCList": [],
  "PathwayList": [],
  "PedestrianList": [],
  "PedestrianV2List": [],
  "PropList": [
    {
      "CameraCenterEntityList": [],
      "CameraConfig": {},
      "CampID": 4,
      "CustomTriggerMap": {},
      "CustomTriggerMapV2": {},
      "DialogueGroups": [],
      "DialogueTriggerAngle": 120,
      "DialogueTriggerSkipFakeAvatar": true,
      "DialogueTriggerSkipSpecifiedFakeAvatarList": [],
      "ID": 300001,
      "IsClientOnly": true,
      "IsTrackRealtimePositionInMap": true,
      "LoadOnInitial": true,
      "LookAtPlayerTriggerRadius": 2,
      "MappingInfoID": 10077,
      "Name": "Prop1",
      "OverrideHintRange": -1,
      "OverrideLockRaycastOffset": 1.5,
      "OverrideMapIconType": 270,
      "OverrideSoundRange": -1,
      "PosX": -9.82,
      "PosY": -25.15858,
      "PosZ": 237.87,
      "PropID": 104097,
      "RotY": 179.9997,
      "Scale": {
        "magnitude": 1.73205078,
        "normalized": {
          "magnitude": 0.99999994,
          "normalized": {
            "magnitude": 1.00000012,
            "sqrMagnitude": 1.00000024,
            "x": 0.5773503,
            "y": 0.5773503,
            "z": 0.5773503
          },
          "sqrMagnitude": 0.99999994,
          "x": 0.577350259,
          "y": 0.577350259,
          "z": 0.577350259
        },
        "sqrMagnitude": 3,
        "x": 1,
        "y": 1,
        "z": 1
      },
      "ServerInteractVerificationIDList": [],
      "SpawnConfig": {
        "EntitySpawnConfig": {
          "BlackInDistance": 25,
          "NeedBlackIn": true,
          "NeedFadeIn": true,
          "NeedFadeOut": true
        }
      },
      "StateConfigs": [],
      "TalkDialogGroupIDList": [],
      "ValueSource": {
        "SharedValues": [
          {
            "$type": "RPG.GameCore.SharedString, RPG.GameCore.Config",
            "Key": "PuzzlePath",
            "Value": "Props/Outputs/Chap04/SwitchHand/SwitchHand_Puzzle_13.prefab"
          },
          {
            "$type": "RPG.GameCore.SharedString, RPG.GameCore.Config",
            "Key": "SwitchHandEntity",
            "Value": "153,300002"
          },
          {
            "$type": "RPG.GameCore.SharedString, RPG.GameCore.Config",
            "Key": "FCV_SwitchHand_PuzzleID",
            "Value": "FCV_SwitchHand_P13"
          }
        ],
        "Values": [
          {
            "$type": "RPG.GameCore.SharedString, RPG.GameCore.Config",
            "Key": "PuzzlePath",
            "Value": "Props/Outputs/Chap04/SwitchHand/SwitchHand_Puzzle_13.prefab"
          },
          {
            "$type": "RPG.GameCore.SharedString, RPG.GameCore.Config",
            "Key": "SwitchHandEntity",