{
  "AnchorList": [],
  "AreaAnchorName": "LevelArea_P40401_F40401002_G43",
  "AudienceList": [],
  "BattleAreaList": [],
  "ConflictIDList": [],
  "ConflictWhiteList": [],
  "CrowdList": [],
  "CurveList": [],
  "DistrictList": [
    {
      "DistrictType": "Level",
      "ID": 1,
      "LoadOnInitial": true,
      "NPCCrowdRadius": 25,
      "Name": "District1",
      "PosX": 63.53,
      "PosY": -8.8,
      "PosZ": 20.86,
      "Scale": {
        "magnitude": 1.73205078,
        "normalized": {
          "magnitude": 0.99999994,
          "normalized": {
            "magnitude": 1.00000012,
            "sqrMagnitude": 1.00000024,
            "x": 0.5773503,
            "y": 0.5773503,
            "z": 0.5773503
          },
          "sqrMagnitude": 0.99999994,
          "x": 0.577350259,
          "y": 0.577350259,
          "z": 0.577350259
        },
        "sqrMagnitude": 3,
        "x": 1,
        "y": 1,
        "z": 1
      },
      "Trigger": {
        "DimX": 1,
        "DimY": 40,
        "DimZ": 1,
        "PointList": [
          {
            "magnitude": 27.4498959,
            "normalized": {
              "magnitude": 1,
              "sqrMagnitude": 1.00000012,
              "x": -0.3796302,
              "y": -0.925138354
            },
            "sqrMagnitude": 753.496765,
            "x": -10.42081,
            "y": -25.39495
          },
          {
            "magnitude": 25.29973,
            "normalized": {
              "magnitude": 1,
              "sqrMagnitude": 1,
              "x": -0.8073553,
              "y": 0.5900656
            },
            "sqrMagnitude": 640.076355,
            "x": -20.42587,
            "y": 14.9285
          },
          {
            "magnitude": 26.0593376,
            "normalized": {
              "magnitude": 0.99999994,
              "normalized": {
                "magnitude": 1,
                "sqrMagnitude": 1.00000012,
                "x": 0.0471617542,
                "y": 0.9988873
              },
              "sqrMagnitude": 0.99999994,
              "x": 0.04716175,
              "y": 0.998887241
            },
            "sqrMagnitude": 679.08905,
            "x": 1.229004,
            "y": 26.03034
          },
          {
            "magnitude": 28.3352375,
            "normalized": {
              "magnitude": 1,
              "sqrMagnitude": 1,
              "x": 0.8627177,
              "y": -0.505685866
            },
            "sqrMagnitude": 802.8857,
            "x": 24.44531,
            "y": -14.32873
          },
          {
            "magnitude": 76.49058,
            "normalized": {
              "magnitude": 1,
              "sqrMagnitude": 1,
              "x": 0.198694021,
              "y": -0.9800616
            },
            "sqrMagnitude": 5850.80859,
            "x": 15.19822,
            "y": -74.96548
          },
          {
            "magnitude": 127.50592,
            "normalized": {
              "magnitude": 1,
              "sqrMagnitude": 1,
              "x": -0.119606681,
              "y": -0.992821336
            },
            "sqrMagnitude": 16257.7588,
            "x": -15.25056,
            "y": -126.5906
          },
          {
            "magnitude": 117.031456,
            "normalized": {
              "magnitude": 1,
              "sqrMagnitude": 1,
              "x": -0.382094473,
              "y": -0.9241233
            },
            "sqrMagnitude": 13696.3623,
            "x": -44.71707,
            "y": -108.1515
          },
          {
            "magnitude": 72.72692,
            "normalized": {
              "magnitude": 0.99999994,
              "normalized": {
                "magnitude": 1,
                "sqrMagnitude": 1.00000012,
                "x": -0.257928729,
                "y": -0.966164
              },
              "sqrMagnitude": 0.99999994,
              "x": -0.2579287,
              "y": -0.966163933
            },
            "sqrMagnitude": 5289.20459,
            "x": -18.75836,
            "y": -70.26613
          }
        ],
        "Radius": 1,
        "Shape": "Polygon"
      },
      "ValueSource": {}
    }
  ],
  "GroupName": "Timeline_Pillar",
  "HoyoGroupLowestLoadPlatformQuality": "VeryLow",
  "IsHoyoGroup": true,
  "LevelGraph": "Config/Level/GroupGraph/F40401002/Group_F40401002_G43.json",
  "LittleGameList": [],
  "LoadOnInitial": true,
  "LoadSide": "Server",
  "MonsterList": [],
  "NPCList": [],
  "PathwayList": [],
  "PedestrianList": [],
  "PedestrianV2List": [],
  "PropList": [
    {
      "CameraCenterEntityList": [],
      "CameraConfig": {},
      "CampID": 4,
      "CustomTriggerMap": {},
      "CustomTriggerMapV2": {},
      "DialogueGroups": [],
      "DialogueTriggerAngle": 120,
      "DialogueTriggerSkipFakeAvatar": true,
      "DialogueTriggerSkipSpecifiedFakeAvatarList": [],
      "ID": 300001,
      "IsDelete": true,
      "LoadOnInitial": true,
      "LookAtPlayerTriggerRadius": 2,
      "Name": "Prop1",
      "OverrideHintRange": -1,
      "OverrideLockRaycastOffset": 1.5,
      "OverrideMapIconType": -1,
      "OverrideSoundRange": -1,
      "PosX": 58.72776,
      "PosY": -0.170698,
      "PosZ": 11.65316,
      "PropID": 104045,
      "RotY": 119.1101,
      "Scale": {
        "magnitude": 1.73205078,
        "normalized": {
          "magnitude": 0.99999994,
          "normalized": {
            "magnitude": 1.00000012,
            "sqrMagnitude": 1.00000024,
            "x": 0.5773503,
            "y": 0.5773503,
            "z": 0.5773503
          },
          "sqrMagnitude": 0.99999994,
          "x": 0.577350259,
          "y": 0.577350259,
          "z": 0.577350259
        },
        "sqrMagnitude": 3,
        "x": 1,
        "y": 1,
        "z": 1
      },
      "ServerInteractVerificationIDList": [],
      "SpawnConfig": {
        "EntitySpawnConfig": {
          "BlackInDistance": 25,
          "NeedBlackIn": true,
          "NeedFadeIn": true,
          "NeedFadeOut": true
        }
      },
      "State": "Open",
      "StateConfigs": [],
      "TalkDialogGroupIDList": [],
      "ValueSource": {
        "SharedValues": [
          {
            "$type": "RPG.GameCore.SharedInt, RPG.GameCore.Config",
            "Key": "start_state",
            "Value": 2
          }
        ],
        "Values": [
          {
            "$type": "RPG.GameCore.SharedInt, RPG.GameCore.Config",
            "Key": "start_state",
            "Value": 2
          }
        ]
      }
    },
    {
      "CameraCenterEntityList": [],
      "CameraConfig": {},
      "CampID": 4,
      "CustomTriggerMap": {},
      "CustomTriggerMapV2": {},
      "DialogueGroups": [],
      "DialogueTriggerAngle": 120,
      "DialogueTriggerSkipFakeAvatar": true,
      "DialogueTriggerSkipSpecifiedFakeAvatarList": [],
      "ID": 300002,
      "IsDelete": true,
      "LoadOnInitial": true,
      "LookAtPlayerTriggerRadius": 2,
      "Name": "Prop2",
      "OverrideHintRange": -1,
      "OverrideLockRaycastOffset": 1.5,
      "OverrideMapIconType": -1,
      "OverrideSoundRange": -1,
      "PosX": 61.59,
      "PosY": -0.173817,
      "PosZ": -15.76,
      "PropID": 104045,
      "RotY": 73.44528,
      "Scale": {
        "magnitude": 1.73205078,
        "normalized": {
          "magnitude": 0.99999994,
          "normalized": {
            "magnitude": 1.00000012,
            "sqrMagnitude": 1.00000024,
            "x": 0.5773503,
            "y": 0.5773503,
            "z": 0.5773503
          },
          "sqrMagnitude": 0.99999994,
          "x": 0.577350259,
          "y": 0.577350259,
          "z": 0.577350259
        },
        "sqrMagnitude": 3,
        "x": 1,
        "y": 1,
        "z": 1
      },
      "ServerInteractVerificationIDList": [],
      "SpawnConfig": {
        "EntitySpawnConfig": {
          "BlackInDistance": 25,
          "NeedBlackIn": true,
          "NeedFadeIn": true,
          "NeedFadeOut": true
        }
      },
      "State": "Open",